[{"domain":null,"method":"GET|HEAD","uri":"\/","name":"public.assessment-results","action":"App\\Http\\Controllers\\AssessmentController@publicResults","middleware":["web"]},{"domain":null,"method":"GET|HEAD","uri":"about","name":"about","action":"App\\Http\\Controllers\\HelpController@about","middleware":["web","auth"]},{"domain":null,"method":"GET|HEAD","uri":"admin\/resources","name":"resources.index","action":"App\\Http\\Controllers\\ResourceController@index","middleware":["web","auth","App\\Http\\Middleware\\AdminMiddleware"]},{"domain":null,"method":"POST","uri":"admin\/resources","name":"resources.store","action":"App\\Http\\Controllers\\ResourceController@store","middleware":["web","auth","App\\Http\\Middleware\\AdminMiddleware"]},{"domain":null,"method":"GET|HEAD","uri":"admin\/resources\/create","name":"resources.create","action":"App\\Http\\Controllers\\ResourceController@create","middleware":["web","auth","App\\Http\\Middleware\\AdminMiddleware"]},{"domain":null,"method":"GET|HEAD","uri":"admin\/resources\/{resource}","name":"resources.show","action":"App\\Http\\Controllers\\ResourceController@show","middleware":["web","auth","App\\Http\\Middleware\\AdminMiddleware"]},{"domain":null,"method":"PUT|PATCH","uri":"admin\/resources\/{resource}","name":"resources.update","action":"App\\Http\\Controllers\\ResourceController@update","middleware":["web","auth","App\\Http\\Middleware\\AdminMiddleware"]},{"domain":null,"method":"DELETE","uri":"admin\/resources\/{resource}","name":"resources.destroy","action":"App\\Http\\Controllers\\ResourceController@destroy","middleware":["web","auth","App\\Http\\Middleware\\AdminMiddleware"]},{"domain":null,"method":"GET|HEAD","uri":"admin\/resources\/{resource}\/edit","name":"resources.edit","action":"App\\Http\\Controllers\\ResourceController@edit","middleware":["web","auth","App\\Http\\Middleware\\AdminMiddleware"]},{"domain":null,"method":"GET|HEAD","uri":"administration","name":"administration.index","action":"App\\Http\\Controllers\\AdministrationController@index","middleware":["web","auth","admin"]},{"domain":null,"method":"GET|HEAD","uri":"api\/assessment-data","name":"api.assessment-data","action":"App\\Http\\Controllers\\AssessmentController@getChartData","middleware":["web"]},{"domain":null,"method":"POST","uri":"api\/assessments\/save-student","name":"api.assessments.save-student","action":"App\\Http\\Controllers\\AssessmentController@saveStudentAssessment","middleware":["web","auth"]},{"domain":null,"method":"POST","uri":"api\/assessments\/submit-all","name":"api.assessments.submit-all","action":"App\\Http\\Controllers\\AssessmentController@submitAllAssessments","middleware":["web","auth"]},{"domain":null,"method":"GET|HEAD","uri":"api\/dashboard\/overall-results","name":"api.dashboard.overall-results","action":"App\\Http\\Controllers\\DashboardController@getOverallResults","middleware":["web","auth"]},{"domain":null,"method":"GET|HEAD","uri":"api\/dashboard\/results-by-school","name":"api.dashboard.results-by-school","action":"App\\Http\\Controllers\\DashboardController@getResultsBySchool","middleware":["web","auth"]},{"domain":null,"method":"GET|HEAD","uri":"api\/dashboard\/stats","name":"api.dashboard.stats","action":"App\\Http\\Controllers\\DashboardController@getStats","middleware":["web","auth"]},{"domain":null,"method":"GET|HEAD","uri":"api\/geographic\/communes","name":"api.geographic.communes","action":"App\\Http\\Controllers\\SchoolController@getCommunes","middleware":["web","auth"]},{"domain":null,"method":"GET|HEAD","uri":"api\/geographic\/districts","name":"api.geographic.districts","action":"App\\Http\\Controllers\\SchoolController@getDistricts","middleware":["web","auth"]},{"domain":null,"method":"GET|HEAD","uri":"api\/geographic\/provinces","name":"api.geographic.provinces","action":"App\\Http\\Controllers\\SchoolController@getProvinces","middleware":["web","auth"]},{"domain":null,"method":"GET|HEAD","uri":"api\/geographic\/villages","name":"api.geographic.villages","action":"App\\Http\\Controllers\\SchoolController@getVillages","middleware":["web","auth"]},{"domain":null,"method":"POST","uri":"api\/resources\/{resource}\/track-view","name":"api.resources.track-view","action":"App\\Http\\Controllers\\ResourceController@trackView","middleware":["web"]},{"domain":null,"method":"GET|HEAD","uri":"api\/school\/{school}\/teachers","name":"api.school.teachers","action":"App\\Http\\Controllers\\SchoolController@getTeachers","middleware":["web","auth"]},{"domain":null,"method":"GET|HEAD","uri":"api\/user","name":"generated::cltqI1VWFsiDY1Uz","action":"Closure","middleware":["api","auth:sanctum"]},{"domain":null,"method":"GET|HEAD","uri":"api\/users","name":"api.users.by-role","action":"App\\Http\\Controllers\\UserController@apiGetUsersByRole","middleware":["web","auth"]},{"domain":null,"method":"GET|HEAD","uri":"assessment-management","name":"assessment-management.index","action":"App\\Http\\Controllers\\AssessmentManagementController@index","middleware":["web","auth","App\\Http\\Middleware\\AdminMiddleware"]},{"domain":null,"method":"POST","uri":"assessment-management\/assessments\/bulk-lock","name":"assessment-management.bulk-lock","action":"App\\Http\\Controllers\\AssessmentManagementController@bulkLockAssessments","middleware":["web","auth","App\\Http\\Middleware\\AdminMiddleware"]},{"domain":null,"method":"POST","uri":"assessment-management\/assessments\/bulk-unlock","name":"assessment-management.bulk-unlock","action":"App\\Http\\Controllers\\AssessmentManagementController@bulkUnlockAssessments","middleware":["web","auth","App\\Http\\Middleware\\AdminMiddleware"]},{"domain":null,"method":"POST","uri":"assessment-management\/assessments\/{assessment}\/lock","name":"assessment-management.lock","action":"App\\Http\\Controllers\\AssessmentManagementController@lockAssessment","middleware":["web","auth","App\\Http\\Middleware\\AdminMiddleware"]},{"domain":null,"method":"POST","uri":"assessment-management\/assessments\/{assessment}\/unlock","name":"assessment-management.unlock","action":"App\\Http\\Controllers\\AssessmentManagementController@unlockAssessment","middleware":["web","auth","App\\Http\\Middleware\\AdminMiddleware"]},{"domain":null,"method":"GET|HEAD","uri":"assessment-management\/mentoring-visits","name":"assessment-management.mentoring-visits","action":"App\\Http\\Controllers\\AssessmentManagementController@mentoringVisits","middleware":["web","auth","App\\Http\\Middleware\\AdminMiddleware"]},{"domain":null,"method":"POST","uri":"assessment-management\/mentoring-visits\/bulk-lock","name":"assessment-management.mentoring.bulk-lock","action":"App\\Http\\Controllers\\AssessmentManagementController@bulkLockMentoringVisits","middleware":["web","auth","App\\Http\\Middleware\\AdminMiddleware"]},{"domain":null,"method":"POST","uri":"assessment-management\/mentoring-visits\/bulk-unlock","name":"assessment-management.mentoring.bulk-unlock","action":"App\\Http\\Controllers\\AssessmentManagementController@bulkUnlockMentoringVisits","middleware":["web","auth","App\\Http\\Middleware\\AdminMiddleware"]},{"domain":null,"method":"POST","uri":"assessment-management\/mentoring-visits\/{mentoringVisit}\/lock","name":"assessment-management.mentoring.lock","action":"App\\Http\\Controllers\\AssessmentManagementController@lockMentoringVisit","middleware":["web","auth","App\\Http\\Middleware\\AdminMiddleware"]},{"domain":null,"method":"POST","uri":"assessment-management\/mentoring-visits\/{mentoringVisit}\/unlock","name":"assessment-management.mentoring.unlock","action":"App\\Http\\Controllers\\AssessmentManagementController@unlockMentoringVisit","middleware":["web","auth","App\\Http\\Middleware\\AdminMiddleware"]},{"domain":null,"method":"GET|HEAD","uri":"assessments","name":"assessments.index","action":"App\\Http\\Controllers\\AssessmentController@index","middleware":["web","auth"]},{"domain":null,"method":"POST","uri":"assessments","name":"assessments.store","action":"App\\Http\\Controllers\\AssessmentController@store","middleware":["web","auth"]},{"domain":null,"method":"GET|HEAD","uri":"assessments\/create","name":"assessments.create","action":"App\\Http\\Controllers\\AssessmentController@create","middleware":["web","auth"]},{"domain":null,"method":"GET|HEAD","uri":"assessments\/export","name":"assessments.export","action":"App\\Http\\Controllers\\AssessmentController@export","middleware":["web","auth"]},{"domain":null,"method":"GET|HEAD","uri":"assessments\/select-students","name":"assessments.select-students","action":"App\\Http\\Controllers\\AssessmentController@selectStudents","middleware":["web","auth"]},{"domain":null,"method":"POST","uri":"assessments\/select-students","name":"assessments.update-selected-students","action":"App\\Http\\Controllers\\AssessmentController@updateSelectedStudents","middleware":["web","auth"]},{"domain":null,"method":"GET|HEAD","uri":"assessments\/{assessment}","name":"assessments.show","action":"App\\Http\\Controllers\\AssessmentController@show","middleware":["web","auth"]},{"domain":null,"method":"GET|HEAD","uri":"classes","name":"classes.index","action":"App\\Http\\Controllers\\ClassController@index","middleware":["web","auth"]},{"domain":null,"method":"POST","uri":"classes","name":"classes.store","action":"App\\Http\\Controllers\\ClassController@store","middleware":["web","auth"]},{"domain":null,"method":"GET|HEAD","uri":"classes\/create","name":"classes.create","action":"App\\Http\\Controllers\\ClassController@create","middleware":["web","auth"]},{"domain":null,"method":"GET|HEAD","uri":"classes\/{class}","name":"classes.show","action":"App\\Http\\Controllers\\ClassController@show","middleware":["web","auth"]},{"domain":null,"method":"PUT|PATCH","uri":"classes\/{class}","name":"classes.update","action":"App\\Http\\Controllers\\ClassController@update","middleware":["web","auth"]},{"domain":null,"method":"DELETE","uri":"classes\/{class}","name":"classes.destroy","action":"App\\Http\\Controllers\\ClassController@destroy","middleware":["web","auth"]},{"domain":null,"method":"GET|HEAD","uri":"classes\/{class}\/edit","name":"classes.edit","action":"App\\Http\\Controllers\\ClassController@edit","middleware":["web","auth"]},{"domain":null,"method":"GET|HEAD","uri":"confirm-password","name":"password.confirm","action":"App\\Http\\Controllers\\Auth\\ConfirmablePasswordController@show","middleware":["web","auth"]},{"domain":null,"method":"POST","uri":"confirm-password","name":"generated::Vtexq0hSiJp9IOD4","action":"App\\Http\\Controllers\\Auth\\ConfirmablePasswordController@store","middleware":["web","auth"]},{"domain":null,"method":"GET|HEAD","uri":"coordinator","name":"coordinator.workspace","action":"App\\Http\\Controllers\\CoordinatorController@workspace","middleware":["web","auth","role:admin,coordinator"]},{"domain":null,"method":"GET|HEAD","uri":"coordinator\/bulk-import","name":"coordinator.bulk-import","action":"App\\Http\\Controllers\\CoordinatorController@bulkImportDashboard","middleware":["web","auth","role:admin,coordinator"]},{"domain":null,"method":"GET|HEAD","uri":"coordinator\/language-management","name":"coordinator.language-management","action":"App\\Http\\Controllers\\CoordinatorController@languageManagement","middleware":["web","auth","role:admin,coordinator"]},{"domain":null,"method":"GET|HEAD","uri":"coordinator\/system-overview","name":"coordinator.system-overview","action":"App\\Http\\Controllers\\CoordinatorController@systemOverview","middleware":["web","auth","role:admin,coordinator"]},{"domain":null,"method":"GET|HEAD","uri":"dashboard","name":"dashboard","action":"App\\Http\\Controllers\\DashboardController@index","middleware":["web","auth","verified"]},{"domain":null,"method":"GET|HEAD","uri":"debug-locale","name":"generated::UcyfKQWFat4e1t3K","action":"Closure","middleware":["web"]},{"domain":null,"method":"POST","uri":"email\/verification-notification","name":"verification.send","action":"App\\Http\\Controllers\\Auth\\EmailVerificationNotificationController@store","middleware":["web","auth","throttle:6,1"]},{"domain":null,"method":"GET|HEAD","uri":"help","name":"help.index","action":"App\\Http\\Controllers\\HelpController@index","middleware":["web","auth"]},{"domain":null,"method":"GET|HEAD","uri":"imports","name":"imports.index","action":"App\\Http\\Controllers\\ImportController@index","middleware":["web","auth","role:admin,coordinator"]},{"domain":null,"method":"GET|HEAD","uri":"imports\/schools","name":"imports.schools.show","action":"App\\Http\\Controllers\\ImportController@showSchoolsImport","middleware":["web","auth","role:admin,coordinator"]},{"domain":null,"method":"POST","uri":"imports\/schools","name":"imports.schools","action":"App\\Http\\Controllers\\ImportController@importSchools","middleware":["web","auth","role:admin,coordinator"]},{"domain":null,"method":"GET|HEAD","uri":"imports\/students","name":"imports.students.show","action":"App\\Http\\Controllers\\ImportController@showStudentsImport","middleware":["web","auth","role:admin,coordinator"]},{"domain":null,"method":"POST","uri":"imports\/students","name":"imports.students","action":"App\\Http\\Controllers\\ImportController@importStudents","middleware":["web","auth","role:admin,coordinator"]},{"domain":null,"method":"GET|HEAD","uri":"imports\/template\/{type}","name":"imports.template","action":"App\\Http\\Controllers\\ImportController@downloadTemplate","middleware":["web","auth","role:admin,coordinator"]},{"domain":null,"method":"GET|HEAD","uri":"imports\/users","name":"imports.users.show","action":"App\\Http\\Controllers\\ImportController@showUsersImport","middleware":["web","auth","role:admin,coordinator"]},{"domain":null,"method":"POST","uri":"imports\/users","name":"imports.users","action":"App\\Http\\Controllers\\ImportController@importUsers","middleware":["web","auth","role:admin,coordinator"]},{"domain":null,"method":"GET|HEAD","uri":"language\/{locale}","name":"language.switch","action":"App\\Http\\Controllers\\LanguageController@switch","middleware":["web"]},{"domain":null,"method":"GET|HEAD","uri":"localization","name":"localization.index","action":"App\\Http\\Controllers\\LocalizationController@index","middleware":["web","auth","role:admin,coordinator"]},{"domain":null,"method":"POST","uri":"localization","name":"localization.create","action":"App\\Http\\Controllers\\LocalizationController@createTranslation","middleware":["web","auth","role:admin,coordinator"]},{"domain":null,"method":"GET|HEAD","uri":"localization\/edit","name":"localization.edit","action":"App\\Http\\Controllers\\LocalizationController@editTranslations","middleware":["web","auth","role:admin,coordinator"]},{"domain":null,"method":"POST","uri":"localization\/export","name":"localization.export","action":"App\\Http\\Controllers\\LocalizationController@exportToFiles","middleware":["web","auth","role:admin,coordinator"]},{"domain":null,"method":"GET|HEAD","uri":"localization\/set\/{locale}","name":"localization.set","action":"App\\Http\\Controllers\\LocalizationController@setLanguage","middleware":["web","auth","role:admin,coordinator"]},{"domain":null,"method":"PUT","uri":"localization\/{translation}","name":"localization.update","action":"App\\Http\\Controllers\\LocalizationController@updateTranslation","middleware":["web","auth","role:admin,coordinator"]},{"domain":null,"method":"DELETE","uri":"localization\/{translation}","name":"localization.delete","action":"App\\Http\\Controllers\\LocalizationController@deleteTranslation","middleware":["web","auth","role:admin,coordinator"]},{"domain":null,"method":"PATCH","uri":"localization\/{translation}\/toggle","name":"localization.toggle","action":"App\\Http\\Controllers\\LocalizationController@toggleTranslation","middleware":["web","auth","role:admin,coordinator"]},{"domain":null,"method":"GET|HEAD","uri":"login","name":"login","action":"App\\Http\\Controllers\\Auth\\AuthenticatedSessionController@create","middleware":["web","guest"]},{"domain":null,"method":"POST","uri":"login","name":"generated::skrkkGxXTRsJ8SqH","action":"App\\Http\\Controllers\\Auth\\AuthenticatedSessionController@store","middleware":["web","guest"]},{"domain":null,"method":"POST","uri":"logout","name":"logout","action":"App\\Http\\Controllers\\Auth\\AuthenticatedSessionController@destroy","middleware":["web","auth"]},{"domain":null,"method":"GET|HEAD","uri":"mentoring","name":"mentoring.index","action":"App\\Http\\Controllers\\MentoringVisitController@index","middleware":["web","auth"]},{"domain":null,"method":"POST","uri":"mentoring","name":"mentoring.store","action":"App\\Http\\Controllers\\MentoringVisitController@store","middleware":["web","auth"]},{"domain":null,"method":"GET|HEAD","uri":"mentoring\/create","name":"mentoring.create","action":"App\\Http\\Controllers\\MentoringVisitController@create","middleware":["web","auth"]},{"domain":null,"method":"GET|HEAD","uri":"mentoring\/export","name":"mentoring.export","action":"App\\Http\\Controllers\\MentoringVisitController@export","middleware":["web","auth"]},{"domain":null,"method":"GET|HEAD","uri":"mentoring\/{mentoringVisit}","name":"mentoring.show","action":"App\\Http\\Controllers\\MentoringVisitController@show","middleware":["web","auth"]},{"domain":null,"method":"PUT","uri":"mentoring\/{mentoringVisit}","name":"mentoring.update","action":"App\\Http\\Controllers\\MentoringVisitController@update","middleware":["web","auth"]},{"domain":null,"method":"DELETE","uri":"mentoring\/{mentoringVisit}","name":"mentoring.destroy","action":"App\\Http\\Controllers\\MentoringVisitController@destroy","middleware":["web","auth"]},{"domain":null,"method":"GET|HEAD","uri":"mentoring\/{mentoringVisit}\/edit","name":"mentoring.edit","action":"App\\Http\\Controllers\\MentoringVisitController@edit","middleware":["web","auth"]},{"domain":null,"method":"PUT","uri":"password","name":"password.update","action":"App\\Http\\Controllers\\Auth\\PasswordController@update","middleware":["web","auth"]},{"domain":null,"method":"GET|HEAD","uri":"profile","name":"profile.edit","action":"App\\Http\\Controllers\\ProfileController@edit","middleware":["web","auth"]},{"domain":null,"method":"PATCH","uri":"profile","name":"profile.update","action":"App\\Http\\Controllers\\ProfileController@update","middleware":["web","auth"]},{"domain":null,"method":"DELETE","uri":"profile","name":"profile.destroy","action":"App\\Http\\Controllers\\ProfileController@destroy","middleware":["web","auth"]},{"domain":null,"method":"GET|HEAD","uri":"reports","name":"reports.index","action":"App\\Http\\Controllers\\ReportController@index","middleware":["web","auth"]},{"domain":null,"method":"GET|HEAD","uri":"reports\/assessment-analysis","name":"reports.assessment-analysis","action":"App\\Http\\Controllers\\ReportsController@assessmentAnalysis","middleware":["web","auth"]},{"domain":null,"method":"GET|HEAD","uri":"reports\/attendance-report","name":"reports.attendance","action":"App\\Http\\Controllers\\ReportsController@attendanceReport","middleware":["web","auth"]},{"domain":null,"method":"GET|HEAD","uri":"reports\/class-progress","name":"reports.class-progress","action":"App\\Http\\Controllers\\ReportController@classProgress","middleware":["web","auth"]},{"domain":null,"method":"GET|HEAD","uri":"reports\/dashboard","name":"reports.dashboard","action":"App\\Http\\Controllers\\ReportsController@dashboard","middleware":["web","auth"]},{"domain":null,"method":"POST","uri":"reports\/export","name":"reports.export-data","action":"App\\Http\\Controllers\\ReportsController@exportReport","middleware":["web","auth"]},{"domain":null,"method":"GET|HEAD","uri":"reports\/export\/{type}","name":"reports.export","action":"App\\Http\\Controllers\\ReportController@export","middleware":["web","auth"]},{"domain":null,"method":"GET|HEAD","uri":"reports\/intervention-report","name":"reports.intervention","action":"App\\Http\\Controllers\\ReportsController@interventionReport","middleware":["web","auth"]},{"domain":null,"method":"GET|HEAD","uri":"reports\/mentoring-impact","name":"reports.mentoring-impact","action":"App\\Http\\Controllers\\ReportController@mentoringImpact","middleware":["web","auth"]},{"domain":null,"method":"GET|HEAD","uri":"reports\/my-mentoring","name":"reports.my-mentoring","action":"App\\Http\\Controllers\\ReportController@myMentoring","middleware":["web","auth"]},{"domain":null,"method":"GET|HEAD","uri":"reports\/my-students","name":"reports.my-students","action":"App\\Http\\Controllers\\ReportController@myStudents","middleware":["web","auth"]},{"domain":null,"method":"GET|HEAD","uri":"reports\/performance-calculation","name":"reports.performance-calculation","action":"App\\Http\\Controllers\\ReportController@performanceCalculation","middleware":["web","auth"]},{"domain":null,"method":"GET|HEAD","uri":"reports\/progress-tracking","name":"reports.progress-tracking","action":"App\\Http\\Controllers\\ReportController@progressTracking","middleware":["web","auth"]},{"domain":null,"method":"GET|HEAD","uri":"reports\/school-comparison","name":"reports.school-comparison","action":"App\\Http\\Controllers\\ReportController@schoolComparison","middleware":["web","auth"]},{"domain":null,"method":"GET|HEAD","uri":"reports\/school-visits","name":"reports.school-visits","action":"App\\Http\\Controllers\\ReportController@schoolVisits","middleware":["web","auth"]},{"domain":null,"method":"GET|HEAD","uri":"reports\/student-performance","name":"reports.student-performance","action":"App\\Http\\Controllers\\ReportController@studentPerformance","middleware":["web","auth"]},{"domain":null,"method":"GET|HEAD","uri":"reports\/student-progress","name":"reports.student-progress","action":"App\\Http\\Controllers\\ReportsController@studentProgress","middleware":["web","auth"]},{"domain":null,"method":"GET|HEAD","uri":"resources","name":"resources.public","action":"App\\Http\\Controllers\\ResourceController@publicIndex","middleware":["web"]},{"domain":null,"method":"GET|HEAD","uri":"resources\/{resource}","name":"resources.public.show","action":"App\\Http\\Controllers\\ResourceController@publicShow","middleware":["web"]},{"domain":null,"method":"GET|HEAD","uri":"resources\/{resource}\/download","name":"resources.download","action":"App\\Http\\Controllers\\ResourceController@download","middleware":["web"]},{"domain":null,"method":"GET|HEAD","uri":"schools","name":"schools.index","action":"App\\Http\\Controllers\\SchoolController@index","middleware":["web","auth"]},{"domain":null,"method":"POST","uri":"schools","name":"schools.store","action":"App\\Http\\Controllers\\SchoolController@store","middleware":["web","auth"]},{"domain":null,"method":"GET|HEAD","uri":"schools\/assessment-dates","name":"schools.assessment-dates","action":"App\\Http\\Controllers\\SchoolController@assessmentDates","middleware":["web","auth"]},{"domain":null,"method":"GET|HEAD","uri":"schools\/bulk-import","name":"schools.bulk-import-form","action":"App\\Http\\Controllers\\SchoolController@bulkImportForm","middleware":["web","auth"]},{"domain":null,"method":"POST","uri":"schools\/bulk-import","name":"schools.bulk-import","action":"App\\Http\\Controllers\\SchoolController@bulkImport","middleware":["web","auth"]},{"domain":null,"method":"GET|HEAD","uri":"schools\/create","name":"schools.create","action":"App\\Http\\Controllers\\SchoolController@create","middleware":["web","auth"]},{"domain":null,"method":"GET|HEAD","uri":"schools\/download-template","name":"schools.download-template","action":"App\\Http\\Controllers\\SchoolController@downloadTemplate","middleware":["web","auth"]},{"domain":null,"method":"POST","uri":"schools\/update-assessment-dates","name":"schools.update-assessment-dates","action":"App\\Http\\Controllers\\SchoolController@updateAssessmentDates","middleware":["web","auth"]},{"domain":null,"method":"GET|HEAD","uri":"schools\/{school}","name":"schools.show","action":"App\\Http\\Controllers\\SchoolController@show","middleware":["web","auth"]},{"domain":null,"method":"PUT|PATCH","uri":"schools\/{school}","name":"schools.update","action":"App\\Http\\Controllers\\SchoolController@update","middleware":["web","auth"]},{"domain":null,"method":"DELETE","uri":"schools\/{school}","name":"schools.destroy","action":"App\\Http\\Controllers\\SchoolController@destroy","middleware":["web","auth"]},{"domain":null,"method":"POST","uri":"schools\/{school}\/add-mentor","name":"schools.add-mentor","action":"App\\Http\\Controllers\\SchoolController@addMentor","middleware":["web","auth"]},{"domain":null,"method":"POST","uri":"schools\/{school}\/add-teacher","name":"schools.add-teacher","action":"App\\Http\\Controllers\\SchoolController@addTeacher","middleware":["web","auth"]},{"domain":null,"method":"GET|HEAD","uri":"schools\/{school}\/edit","name":"schools.edit","action":"App\\Http\\Controllers\\SchoolController@edit","middleware":["web","auth"]},{"domain":null,"method":"DELETE","uri":"schools\/{school}\/remove-mentor","name":"schools.remove-mentor","action":"App\\Http\\Controllers\\SchoolController@removeMentor","middleware":["web","auth"]},{"domain":null,"method":"DELETE","uri":"schools\/{school}\/remove-teacher","name":"schools.remove-teacher","action":"App\\Http\\Controllers\\SchoolController@removeTeacher","middleware":["web","auth"]},{"domain":null,"method":"GET|HEAD","uri":"schools\/{school}\/search-mentors","name":"schools.search-mentors","action":"App\\Http\\Controllers\\SchoolController@searchMentors","middleware":["web","auth"]},{"domain":null,"method":"GET|HEAD","uri":"schools\/{school}\/search-teachers","name":"schools.search-teachers","action":"App\\Http\\Controllers\\SchoolController@searchTeachers","middleware":["web","auth"]},{"domain":null,"method":"GET|HEAD","uri":"settings","name":"settings.index","action":"App\\Http\\Controllers\\SettingController@index","middleware":["web","auth"]},{"domain":null,"method":"POST","uri":"settings","name":"settings.update","action":"App\\Http\\Controllers\\SettingController@update","middleware":["web","auth"]},{"domain":null,"method":"GET|HEAD","uri":"showcase","name":"showcase","action":"App\\Http\\Controllers\\ShowcaseController@index","middleware":["web"]},{"domain":null,"method":"GET|HEAD","uri":"students","name":"students.index","action":"App\\Http\\Controllers\\StudentController@index","middleware":["web","auth"]},{"domain":null,"method":"POST","uri":"students","name":"students.store","action":"App\\Http\\Controllers\\StudentController@store","middleware":["web","auth"]},{"domain":null,"method":"GET|HEAD","uri":"students\/bulk-import","name":"students.bulk-import-form","action":"App\\Http\\Controllers\\StudentController@bulkImportForm","middleware":["web","auth"]},{"domain":null,"method":"POST","uri":"students\/bulk-import","name":"students.bulk-import","action":"App\\Http\\Controllers\\StudentController@bulkImport","middleware":["web","auth"]},{"domain":null,"method":"GET|HEAD","uri":"students\/create","name":"students.create","action":"App\\Http\\Controllers\\StudentController@create","middleware":["web","auth"]},{"domain":null,"method":"GET|HEAD","uri":"students\/download-template","name":"students.download-template","action":"App\\Http\\Controllers\\StudentController@downloadTemplate","middleware":["web","auth"]},{"domain":null,"method":"GET|HEAD","uri":"students\/export","name":"students.export","action":"App\\Http\\Controllers\\StudentController@export","middleware":["web","auth"]},{"domain":null,"method":"GET|HEAD","uri":"students\/import","name":"students.import","action":"Closure","middleware":["web","auth","role:admin,teacher"]},{"domain":null,"method":"GET|HEAD","uri":"students\/{student}","name":"students.show","action":"App\\Http\\Controllers\\StudentController@show","middleware":["web","auth"]},{"domain":null,"method":"PUT|PATCH","uri":"students\/{student}","name":"students.update","action":"App\\Http\\Controllers\\StudentController@update","middleware":["web","auth"]},{"domain":null,"method":"DELETE","uri":"students\/{student}","name":"students.destroy","action":"App\\Http\\Controllers\\StudentController@destroy","middleware":["web","auth"]},{"domain":null,"method":"GET|HEAD","uri":"students\/{student}\/assessment-history","name":"students.assessment-history","action":"App\\Http\\Controllers\\StudentController@assessmentHistory","middleware":["web","auth"]},{"domain":null,"method":"GET|HEAD","uri":"students\/{student}\/edit","name":"students.edit","action":"App\\Http\\Controllers\\StudentController@edit","middleware":["web","auth"]},{"domain":null,"method":"GET|HEAD","uri":"test-translation","name":"generated::2WT5CYZUqrFiqimW","action":"Closure","middleware":["web","auth"]},{"domain":null,"method":"GET|HEAD","uri":"users","name":"users.index","action":"App\\Http\\Controllers\\UserController@index","middleware":["web","auth"]},{"domain":null,"method":"POST","uri":"users","name":"users.store","action":"App\\Http\\Controllers\\UserController@store","middleware":["web","auth"]},{"domain":null,"method":"GET|HEAD","uri":"users\/bulk-import","name":"users.bulk-import-form","action":"App\\Http\\Controllers\\UserController@bulkImportForm","middleware":["web","auth"]},{"domain":null,"method":"POST","uri":"users\/bulk-import","name":"users.bulk-import","action":"App\\Http\\Controllers\\UserController@bulkImport","middleware":["web","auth"]},{"domain":null,"method":"GET|HEAD","uri":"users\/bulk-import-enhanced","name":"users.bulk-import-enhanced-form","action":"App\\Http\\Controllers\\UserController@bulkImportEnhancedForm","middleware":["web","auth"]},{"domain":null,"method":"POST","uri":"users\/bulk-import-enhanced","name":"users.bulk-import-enhanced","action":"App\\Http\\Controllers\\UserController@bulkImportEnhanced","middleware":["web","auth"]},{"domain":null,"method":"GET|HEAD","uri":"users\/create","name":"users.create","action":"App\\Http\\Controllers\\UserController@create","middleware":["web","auth"]},{"domain":null,"method":"GET|HEAD","uri":"users\/download-template","name":"users.download-template","action":"App\\Http\\Controllers\\UserController@downloadTemplate","middleware":["web","auth"]},{"domain":null,"method":"GET|HEAD","uri":"users\/{user}","name":"users.show","action":"App\\Http\\Controllers\\UserController@show","middleware":["web","auth"]},{"domain":null,"method":"PUT|PATCH","uri":"users\/{user}","name":"users.update","action":"App\\Http\\Controllers\\UserController@update","middleware":["web","auth"]},{"domain":null,"method":"DELETE","uri":"users\/{user}","name":"users.destroy","action":"App\\Http\\Controllers\\UserController@destroy","middleware":["web","auth"]},{"domain":null,"method":"GET|HEAD","uri":"users\/{user}\/assign-schools","name":"users.assign-schools","action":"App\\Http\\Controllers\\UserController@assignSchools","middleware":["web","auth"]},{"domain":null,"method":"POST","uri":"users\/{user}\/assign-schools","name":"users.update-assigned-schools","action":"App\\Http\\Controllers\\UserController@updateAssignedSchools","middleware":["web","auth"]},{"domain":null,"method":"GET|HEAD","uri":"users\/{user}\/edit","name":"users.edit","action":"App\\Http\\Controllers\\UserController@edit","middleware":["web","auth"]},{"domain":null,"method":"GET|HEAD","uri":"verify-email","name":"verification.notice","action":"App\\Http\\Controllers\\Auth\\EmailVerificationPromptController","middleware":["web","auth"]},{"domain":null,"method":"GET|HEAD","uri":"verify-email\/{id}\/{hash}","name":"verification.verify","action":"App\\Http\\Controllers\\Auth\\VerifyEmailController","middleware":["web","auth","signed","throttle:6,1"]}]
